,region_name,Административная деятельность_зарплата,Водоснабжение_зарплата,Гос. управление и военн. безопасность_зарплата,Гостиницы и общепит_зарплата,Добыча полезных ископаемых_зарплата,Здравоохранение_зарплата,ИТ и связь_зарплата,Научная и проф. деятельность_зарплата,Обрабатывающие производства_зарплата,Образование_зарплата,Операции с недвижимостью_зарплата,Прочие услуги_зарплата,Сельское хозяйство_зарплата,Спорт и досуг_зарплата,Строительство_зарплата,Торговля_зарплата,Транспортировка и хранение_зарплата,Услуги ЖКХ_зарплата,Финансы и страхование_зарплата,social_help,organizations,mun_workers_salary,market,square_house,population,migration,region_cluster,migration_scaled,cluster_label
0,Алтайский край,34179.49166666666,29785.54511904762,47455.825000000004,27329.23075268817,60771.55138888889,33951.59606164384,36690.81232394366,36693.5698630137,43276.78392857143,35134.587157534246,43863.78403846154,32480.909464285713,44535.75616197183,33720.88109589041,59471.14631987578,40555.42254464285,48602.18595890411,44424.61866438356,46222.93435846561,10045.306188891149,75.4927536231884,34990.027536231886,1.172406120109733,31.115072463768115,31.115072463768115,-1.760383136909475,1.0,0.16749548489222763,1
1,Амурская область,54536.59403846154,43352.77361111111,62935.36615853659,59559.67390625,105332.67387218046,61054.70457317073,89003.74852941175,99398.32119360902,93407.36959876542,54659.46981707317,49499.251923076925,63981.093181818185,61289.78256578947,57629.83201219512,86064.92859821429,65489.331249999996,88744.19172473867,83445.93475609756,59580.213362068964,5856.458333333333,83.25,54632.25357142858,1.2,29.560714285714287,29.560714285714287,-5.386253735707092,1.0,0.12485301465712106,1
2,Архангельская область,51531.59965986394,44585.80788690476,71832.77906504065,46206.72101449275,117129.9643939394,57628.06648373983,67220.51995614036,77012.47452090592,52827.107181259606,56766.690955284554,44936.64152777778,42812.864756944444,80190.45193922306,61199.88947916667,75166.26098389355,58073.734883855985,72716.8330284553,68583.2640922619,94583.47614774115,13815.145833333334,52.26315789473684,53680.178947368426,1.016,46.69157894736842,46.69157894736842,-4.137795502604983,1.0,0.13953565199737378,1
4,Астраханская область,31780.033854166668,37615.044117647056,53447.848660714284,35265.88035714286,96081.449,44174.37767857143,75282.60307971014,58437.15223214286,61165.18020833333,41244.829464285714,37600.47275641026,34431.064880952385,64589.146875,42474.666964285716,69990.9810185185,49059.26851851852,60530.27916666667,55360.76517857143,59795.1480026455,16429.284090909092,249.72727272727272,40270.87727272727,1.0094356261022928,30.914056252493832,30.923587200771777,-9.073423749694154,1.0,0.08148962556503372,1
5,Белгородская область,24918.467109375,26439.614516129033,46159.166666666664,28359.235166666665,48202.0875,35407.309469696964,31891.3,32013.990530303032,56541.33148148148,37036.84886363636,26976.345250000002,42874.120234375,51503.91458333333,34623.92431818182,55252.26766666667,43135.1,38916.87045454546,43793.392424242425,61705.96125,8716.8671875,74.51612903225806,36320.00322580645,1.659,32.70645161290322,32.70645161290322,-2.8351476889906855,1.0,0.15485559216217026,1
6,Брянская область,40863.951875,37261.987916666665,51234.924375,38387.152083333334,76313.64441964286,41700.69973057644,54901.262763157894,53483.121315789474,63060.77229166667,42309.275,37805.8825,39526.03308035714,44705.495,45295.526874999996,69010.63416666667,52411.493125,55964.56907894737,44618.76213095238,81082.75301587301,14414.0,161.9,41644.115000000005,1.6516594516594516,34.525,34.525,-9.713850205395337,1.0,0.07395781621583394,1
7,Владимирская область,37898.705021929825,27107.448085585584,46862.365460526315,34958.66294642857,69245.06058201058,40463.517229729725,38011.79652777778,36790.94256756757,53026.67341954023,37318.88092105263,31068.105476190474,33581.45516129032,40218.85641891892,37582.28585526316,57489.02217261905,43280.98026315789,50267.15460526316,41746.4884009009,47842.870689655174,10546.618421052632,114.02631578947368,37100.92105263158,1.2655352544603364,28.121052631578944,28.121052631578944,-1.9044259235764673,1.0,0.16580145305196672,1
8,Волгоградская область,47596.82481707317,38902.785833333335,54960.92220588236,37774.747777777775,54418.95714285714,44858.105833333335,52728.892850000004,47866.35489795919,56213.71682432432,47156.01156862745,29697.994767441858,40289.48212962963,56952.94426470589,50743.130784313726,64658.402586206896,45702.12534313725,60639.96340336135,55166.18289215687,76233.6711734694,14026.923076923076,68.07142857142857,47665.10357142857,1.0144949166503336,39.00666666666667,39.00666666666667,-2.55232345149534,1.0,0.15818177929448585,1
9,Вологодская область,38305.118382352935,34104.78156682028,49483.73272058824,31211.10812807882,65354.80906245431,44036.27242647059,45789.091911764706,54419.71323529412,54816.320703125,41227.45992647059,36108.010392416225,39141.14264705883,55944.50871212121,41337.71801470588,58737.5471969697,48226.368014705884,50467.57392473119,52152.08235294118,46163.33235294118,12931.014705882353,164.8235294117647,39653.99411764706,1.336629342164947,36.22941176470588,36.22941176470588,6.749441030811035,1.0,0.26757625553482794,1
10,Воронежская область,36364.83973214286,55492.228125,66439.5,49245.384999999995,85660.675,56069.68125,75719.1875,51489.40208333333,45759.465625,50371.66041666667,40567.42,37430.225,40086.44583333333,53794.77291666667,115583.97,50123.520000000004,76263.105,61086.145833333336,59664.597499999996,5398.375,58.0,49895.13333333333,1.2521739130434784,25.76,25.76,-8.703820156451735,1.0,0.08583639134008779,1
11,Еврейская автономная область,48118.421634615384,38981.839687499996,58506.97611003861,42037.647000000004,99335.64952691045,50679.364642857145,63594.10627705628,51709.713690476194,72652.50326086956,46925.059025096525,47402.88509615384,54714.11828947368,42999.38734375,43768.58541666667,97363.30863095238,48848.31785714286,96501.63607142858,57113.98345588235,58210.85828571429,5512.198275862069,43.371428571428574,43843.19142857143,1.2483463203463203,24.332222222222224,24.332222222222224,-4.911002626026263,1.0,0.13044226025940112,1
12,Забайкальский край,32931.41416666666,32679.362500000003,46285.91574074075,29685.4375,39401.3875,34046.83888888889,36041.43260869566,37823.5225310559,40017.43295454545,33846.086111111115,32532.085,24236.211249999997,29968.901315789473,33586.688425925924,60442.72045454546,42849.66342592593,36051.7685,45674.843981481485,52453.843518518515,10743.9375,64.29629629629629,34010.851851851854,1.2526143790849673,34.85259259259259,34.85259259259259,-1.7034389606098077,1.0,0.16816518345889087,1
13,Ивановская область,57866.069871794876,50032.55442857143,74944.07410714285,51985.766974206344,94687.11767241379,60537.9225,77369.10922619047,71471.62232142857,67503.66195054945,57196.14077380953,56886.648950216455,54355.752,63354.630792682925,59739.61666666666,82625.08653846153,60623.063318452376,74638.19234693877,82308.9857142857,62853.69523809524,12344.154761904761,96.38095238095238,56967.80238095239,1.5021592442645075,26.466666666666665,26.466666666666665,-8.809627908443014,1.0,0.08459202704412316,1
14,Иркутская область,29915.076136363637,22616.10544871795,51784.26153846154,29216.027500000004,323756.17500000005,31408.759615384617,30742.352272727272,38751.63181818182,30280.19431818182,34199.185576923075,24404.571875,27353.640625,25531.36923076923,30436.795192307694,65625.85,41958.14431818182,31112.522222222222,46969.22291666667,50530.30551948052,75555.0,94.3076923076923,34432.307692307695,1.2178713118172155,19.407999999999998,19.407999999999998,-3.747824978350295,1.0,0.14412194541849419,1
15,Кабардино-Балкарская Республика,56286.981160714284,41247.431611969114,55060.623986486484,37877.342156862745,95682.66321877709,46490.42398648649,64374.09439189189,65607.22263513513,60922.16388248847,43572.61689189189,39355.858125,31193.64644230769,71398.583682266,43664.20225225225,75395.70950255102,55661.74695945946,52319.297673160174,52089.21928571429,63950.92386363636,6761.215909090909,81.77272727272727,43945.068181818184,1.3947349947349947,31.0,31.0,13.431270163349069,1.0,0.34615867929667077,1
16,Калининградская область,37631.57596560846,35060.88892857143,46773.814732142855,36518.6852443609,58034.069285714286,43852.90240384615,38951.94419642857,51935.47767857143,64406.198295454546,43306.11785714286,42141.59046296296,34291.0041765873,65568.83988095238,49021.330357142855,66361.25446428571,50251.11830357143,56029.572,44807.316847826085,63537.15069444444,8512.776785714286,74.76923076923077,42406.05,1.4392138261013034,37.16423076923077,37.16423076923077,12.326953949088757,1.0,0.3331712408281394,1
17,Калужская область,98531.60859375,87113.95859375,116261.94921875,87012.78020833334,185996.73594751503,109741.79609375,103782.14944196428,97769.92359375,144097.4953125,99793.48046875,82261.34659090909,101082.87083333333,118212.27583333335,95223.2203125,157601.78988095236,117508.13173076922,107507.01171875,109749.71171875,97740.24151785714,5961.583333333333,49.76923076923077,101432.01538461538,1.366004244645958,29.91142857142857,29.91142857142857,1.6083742254831566,0.0,0.20711414519487623,1
18,Камчатский край,28453.92589285714,29061.08125,47650.65,35009.11875,56956.37560744095,33963.74652777778,45918.25,29993.85037878788,49484.13229166667,31608.510416666668,40892.20625,39815.475,36075.958035714284,33046.475,51321.65520833334,37437.54583333333,44145.439999999995,48127.794642857145,60252.702142857146,9088.395833333334,45.5,30320.74166666667,1.9039505532090975,19.774166666666666,19.774166666666666,-2.701876613883193,1.0,0.1564229420437012,0
19,Карачаево-Черкесская Республика,38322.7306122449,39118.5641563147,60324.74730392156,34552.200245098036,111466.50643939394,50455.27524509804,46942.15931372549,54989.45147058823,59986.40629251701,50151.84730392157,44605.50273809524,43454.55205026455,65532.15378306879,51407.8693627451,79651.72451874366,53875.319132653065,66783.88897058823,51946.17549019608,58445.3363372093,19989.727941176472,209.08823529411765,52481.85151515152,1.2829734567159687,29.387878787878787,29.387878787878787,-3.949818838787124,1.0,0.1417463732775005,1
20,Кемеровская область,32005.841249999998,38149.96156462585,44315.10941820276,29624.974392097265,48951.398611111115,36904.75443548387,36182.12478070176,32808.513819444444,45286.84343220339,35163.6209389401,53435.05487804878,28899.754791666666,43266.96438172043,38922.33830645162,55119.987708333334,40714.0638248848,42950.975614754105,47688.8041186636,48085.06451612903,6121.061111111111,44.53333333333333,34538.65714285714,1.3136507936507937,34.57333333333333,34.57333333333333,-2.187369568184222,1.0,0.16247386161850524,1
21,Кировская область,26378.911496299403,29150.480630630635,44716.58223214286,23442.143154761903,54945.177083333336,31909.71738095238,31174.502960526315,32604.648245614033,48064.43402777778,34149.37186011905,33730.94869047619,34238.94938672439,42332.98728070175,37279.14306547619,52950.729166666664,41194.929032738095,44185.79509330759,44922.96302083333,56056.84722222222,13048.788461538461,39.827586206896555,33791.82068965517,1.067186507072051,38.451034482758615,38.451034482758615,-2.791801227712758,1.0,0.15536537322977212,1
22,Костромская область,44081.098967391306,38709.09861111111,54456.48206521739,37574.960277777776,80374.40320512821,48007.511413043474,52811.025271739134,58373.4,62772.43016304348,43901.264945652176,47631.018294573645,37681.63589015152,54749.140760869566,44609.07472826087,72797.3442026578,53109.64320652174,63196.0389673913,52521.652717391305,67199.99972826087,28938.148659130624,195.37777777777777,43356.67333333333,1.8900305567985303,27.909111111111113,27.909111111111113,30.90991348199385,1.0,0.5517182841299253,1
23,Краснодарский край,46326.057331349206,50645.67782608696,67466.18237704918,51420.15550976801,96812.58801843318,56175.442083333335,70963.89421296296,65211.872754237294,72060.76415372672,55820.95614754099,41167.99336363636,55476.75895833333,52738.268462643675,55088.45635245901,92835.73913043478,57566.27204166667,68699.73979166667,67311.51762295082,59893.38275862068,8480.69349630246,83.98275862068965,56512.222413793104,1.2314962388263084,29.59896551724138,29.59896551724138,6.699142155918563,1.0,0.26698470980339095,1
24,Красноярский край,27641.324249999998,27144.85885416667,47493.948,32424.711742424242,59013.6,37850.8365,36954.6234375,32209.425,44385.98722826087,38898.50525,30705.188454861112,45774.92291666666,35567.8425,38383.159,54293.09797077922,38202.09725,44313.42575,40382.9795,42259.79342105263,6639.721153846154,88.6923076923077,38064.41153846154,1.1159747194072138,31.481923076923074,31.481923076923074,-3.9116135833272057,1.0,0.14219569059988768,1
25,Курганская область,32206.31010044643,31269.74794372294,48268.37159090909,26210.557258064517,61099.53333333333,38978.265530303026,42206.87715517241,44714.159965437786,51167.72702380953,37668.2643939394,32889.26309523809,36851.24705882353,58368.354296875,41546.942338709676,59671.015249433105,45484.198046875,49523.479296875,42575.787759740255,47190.422265625,10982.34090909091,58.06060606060606,37530.548484848485,1.275515350877193,38.21515151515151,38.21515151515151,1.8274697702117901,1.0,0.2096908436705012,1
26,Курская область,43344.22986111111,52087.58862433863,64738.17083333333,52159.342647058824,82264.88249999999,57215.290972222225,69245.94174603175,90020.78333333334,88956.39444444444,53766.59930555555,52430.71614145658,54549.647420634916,67657.24933473389,60389.35972222223,90969.8000330688,60847.492361111115,77736.70972222222,70010.07685185185,72855.1765873016,32663.341880528867,184.27777777777777,55429.194444444445,1.2902678709275681,30.174444444444443,30.174444444444443,60.348137312117665,1.0,0.8979299177901939,1
27,Ленинградская область,37126.70694444444,33122.84802631579,47088.260625,37038.42013888889,52781.46,38736.246875,45033.299999999996,43513.027083333334,63170.31710526315,39447.999375,38197.791176470586,28192.430555555555,62084.94625,45271.3975,58408.11887254902,46390.886249999996,52189.33125,53155.62666666666,46403.6925,14180.2125,180.45,38408.54,1.267061263926204,38.1455,38.1455,-4.00260644623931,1.0,0.14112555851916114,1
28,Липецкая область,79590.23529411765,76993.275,128023.85588235293,76196.9375,183524.55915960026,119252.19411764706,100708.48308823528,143523.69779411764,115635.27666666666,105773.1205882353,73389.34285714287,95762.52678571429,170006.66764705884,107041.69338235294,110222.04038461538,114973.2525,112963.61397058824,112470.22499999999,86811.45661764705,2261.1388888888887,45.77777777777778,101802.07777777777,1.6363636363636365,40.09111111111111,40.09111111111111,-1.3890754248913642,0.0,0.17186229215309579,1
29,Магаданская область,104241.41167480667,124217.1563301282,118263.43983217592,82509.85651222651,322128.24362103175,234965.1737962963,215408.20394824873,171931.04114251456,144648.45756632654,121028.66934315683,90108.7316505102,125688.64818090787,116747.75142276424,105992.79379886283,120001.3899332172,149193.5549061033,121561.5840730042,156649.54998964805,246476.21818172568,1092122.0,42.316326530612244,106264.764769412,1.0395028145028145,30.858129878135607,30.809907762146707,35.45861924360255,2.0,0.6052138639534245,0
30,Москва,67170.51767399267,56618.06243506494,72826.90195783132,64631.14200000001,107050.12400731453,73260.23738698011,100309.3698076923,102684.2423705357,91971.84217329546,66217.14722222222,75075.44979166667,54695.92371240602,64649.732738095234,66344.6450617284,98872.6427014652,79851.5759375,85131.91765822785,68495.40266233766,139343.61326237055,56569.41904761904,173.83050847457628,65870.59322033898,1.7614426346160454,31.70740740740741,31.70740740740741,69.0271117725771,0.0,1.0,2
31,Московская область,73615.45172902494,72205.15276515152,90292.36364583333,63138.89097222223,197446.9208333333,75123.99979166668,95103.55896825397,103906.3875,105488.4207017544,73716.0021875,61592.20941176471,65598.03066666666,128082.25,78591.13270833333,119447.97361344537,67248.58845755694,87337.68795238095,87992.20636904762,112463.87193181818,9111.10294117647,96.91666666666667,75844.09090909091,1.3524876949534483,36.6,36.6,2.8579697998838145,0.0,0.2218101583689181,0
32,Мурманская область,84275.775,85374.90625,120923.07500000001,64857.5,161091.85625,109450.325,119863.56875,110739.64374999999,125337.2125,83845.8,88817.23125,82946.32857142857,99840.59642857143,97010.31875,100513.1125,95731.29375,121685.49375,89596.03125,130567.25,9641.5,23.0,94939.45074614263,1.2150729768033224,27.46,27.46,20.577269577269576,0.0,0.4302000312989303,0
33,Ненецкий автономный округ,32313.637524350648,33891.830589430894,46206.05184659091,36097.002458333336,47786.11590909091,40741.01363636364,41188.25083198052,44997.52209302325,49977.72516447368,42146.82357954545,31734.81660714286,33552.330982142856,48547.25941780822,41183.55823863636,63580.77229166667,44653.37613636364,44084.52450081169,54838.75894886363,49010.929119318185,17193.303921568626,112.86,43796.004,1.1971176667433951,34.506,34.506,-0.29252467454181524,1.0,0.18475840398581547,0
34,Нижегородская область,36107.36275862069,32377.09951923077,44617.691666666666,42211.21447368421,118162.66041666667,39695.051666666666,43358.42220238095,36374.265583333334,58163.03405797101,39810.903333333335,39536.76607142857,32939.00882352941,39226.6724137931,42978.74375,78555.31704545455,44936.04916666667,57296.353525641025,41538.90791666667,45157.25646551724,7245.943181818182,72.18181818181819,41458.87272727273,1.1830547403236773,44.981818181818184,44.981818181818184,0.8890864920158691,1.0,0.1986548786741605,1
35,Новгородская область,43673.60999999999,36913.28008658008,54794.44892857142,36573.73222789115,73744.34270833334,51724.60357142857,62270.02357142857,49361.36107142857,53062.1125,46577.5925,50606.833809523814,36313.41180555555,42808.92022058824,50711.069285714286,76697.05738636364,48334.54178571428,58443.73380952381,42776.88821428571,59559.38602941176,20884.628571428573,113.62857142857143,46046.8,1.3027209182774047,27.615714285714283,27.615714285714283,6.868109215267837,1.0,0.2689718664331406,1
36,Новосибирская область,38508.30081168831,29414.48313888889,51534.53257575758,33787.444500000005,78736.74166666665,39120.44886363636,41700.47840909091,37395.688257575755,39709.96783234127,37611.679924242424,29373.928787878787,32499.9315,40175.43939393939,36070.20037878788,55274.576953463205,36792.73143939394,44824.913257575754,45707.15795454545,56388.61417748917,11724.931818181818,125.15151515151516,37199.24545454546,1.282966666824887,29.37060606060606,29.37060606060606,-8.54797906199255,1.0,0.08766917854272155,1
37,Омская область,45760.29420731707,37747.893139097745,49408.17286585366,28947.904854910714,76673.35326530613,39499.04756097561,40207.14817073171,42735.696875,57745.72453703704,39103.50335365853,31520.606982600733,28878.726628787877,38624.19177631579,42039.685975609755,60569.57083333334,40517.784451219515,55604.35535714285,49458.017378048775,47522.59166666667,12065.548780487805,113.82926829268293,37140.79756097561,1.3130350328325369,30.916666666666668,30.916666666666668,-5.011308745455818,1.0,0.12926259854902672,1
38,Оренбургская область,35774.29074404762,31634.069903846153,46682.85133928571,32342.18888888889,81888.275,33646.58973214286,37040.25187830688,49340.23163043478,46319.07509398497,36901.8125,67526.64309006212,22785.739868421053,59550.795025510204,32566.938425925928,49423.57125,43612.54991071428,43639.49868421053,46679.47546296296,46533.191249999996,6889.435185185185,43.074074074074076,36991.26296296296,1.1481481481481481,32.977407407407405,32.977407407407405,-2.7056143954403002,1.0,0.15637898343170684,1
39,Орловская область,31407.082594417076,27574.210030864197,41114.298630952384,35264.35,68855.405,35644.674523809525,37213.79964285714,38092.80604761905,45312.99261904762,35503.947380952384,30063.2359375,37900.69464285714,53891.90150000001,36311.44892857143,58612.47694444445,43168.09547619047,49406.22276785714,37841.36026785714,56806.04258928572,8078.875,121.7,37240.89,1.0388351254480288,35.16733333333333,35.16733333333333,-0.5617198350510045,1.0,0.18159250318856845,1
40,Пензенская область,36920.256018518514,33041.54940476191,53038.42317073171,31227.71233766234,81368.84051587302,43925.99527439024,48111.44182098765,45209.85771604938,50276.14643719806,42353.338937282235,35730.833525345624,35734.46666666667,40703.33537087912,42110.95274390244,82172.71447115384,44285.11927264809,49606.69024390244,57479.28836962834,55245.70757839721,10437.194444444445,117.63636363636364,42717.204761904766,1.2022916666666668,27.709302325581394,27.709302325581394,-4.960158631865718,1.0,0.12986415537154858,1
41,Пермский край,47736.29799107143,40732.53879179331,70543.60885854342,41648.044565217395,98751.739372955,63744.47972689076,62592.90841836735,73518.853,66503.62722567287,58742.425630252095,49622.41091736695,48853.04479166667,64849.21324404762,60201.89170168067,91709.41035289115,56679.77727678572,74050.12448571429,47253.4897595705,77188.97905405406,9642.13496316244,95.91176470588235,57717.18823529412,1.3357682162575584,27.564705882352943,27.564705882352943,-5.762605472499046,1.0,0.1204268865599398,1
42,Приморский край,28479.756994949494,28603.341212121213,47181.85919117647,35105.511354166665,54788.53214285714,36296.60441176471,48228.717410714286,28248.015,38488.07114197531,34878.495588235295,29870.596194885362,24325.395089285714,38721.50554761905,39014.94117647059,60154.4393939394,38816.689338235294,44541.903455882355,44102.543750000004,57560.68309151786,3165.451923076923,41.03846153846154,33516.11153846154,1.1376410256410256,43.69230769230769,43.69230769230769,-16.002450980392158,1.0,0.0,1
43,Псковская область,36402.629166666666,36497.239583333336,48647.60972222222,38948.1125,48633.55833333333,37766.131944444445,42608.46805555556,52396.14444444444,51430.79027777778,37278.601388888885,37620.947499999995,26025.88125,46873.76875,40928.86388888889,53403.143055555556,49148.774999999994,63388.06130952381,48388.018055555556,60599.075000000004,8250.138888888889,98.66666666666667,36132.51111111112,1.2776606646171864,24.582222222222224,24.582222222222224,19.426822990237625,1.0,0.4166700712499263,1
44,Республика Адыгея,56806.89166666666,52265.2625,58358.734090909085,61721.53333333333,100418.8284508018,47611.2125,49100.609375,42384.45,34032.6,43945.642045454544,51321.066666666666,48462.15,34744.541666666664,48627.4590909091,88842.22499999999,50142.00125,62236.8875,57859.00111607143,80551.925,5483.931818181818,34.90909090909091,41178.76363636364,1.0033783783783783,24.44545454545454,24.44545454545454,-2.121842472303392,1.0,0.16324450060286885,1
45,Республика Алтай,40675.82750576037,35116.62177672956,54210.39919354839,32243.46875,71360.03069727891,42773.430645161294,46841.30544354839,43879.45745967742,47626.39158496732,38343.464112903224,44632.11217948718,34514.11938492063,40468.932153119866,38767.12620967742,62361.73191823899,42482.21330645162,53982.08064516129,57125.10173387097,50070.85342741936,9434.504032258064,179.41935483870967,38668.68225806452,1.124467201987179,31.051612903225806,31.051612903225806,-1.9901403334041983,1.0,0.16479339882879315,1
46,Республика Башкортостан,44594.894332298136,40908.42019230769,62604.49673913044,56388.368749999994,92020.43416666666,52493.16576086957,56421.606578947365,55902.79347826087,66013.96442307692,50655.35706521739,47000.53444444444,55981.10972222222,44562.72976190476,46580.360326086964,84108.19803921568,49408.44983766233,71407.415625,67130.62826086956,56207.10227272727,14967.25,60.73913043478261,47525.717391304344,1.027777777777778,24.165652173913042,24.165652173913042,-1.913435024234157,1.0,0.16569550048246023,1
47,Республика Бурятия,30973.171666666665,24908.938012820512,44421.09981325864,22906.223214285714,38292.28333333333,33198.69050099207,28121.03173758865,27772.345821185616,43601.16234567901,29990.610971055088,24176.79888888889,27434.818518518518,19324.61305820106,29842.959126984126,28629.67195652174,34964.38538961039,44061.79411564626,66931.4285839599,37950.99933554817,7513.940217391304,72.78,30917.074509803922,2.3727587887536856,24.210624999999997,24.210624999999997,-5.082338310311032,1.0,0.1284272471423451,1
48,Республика Дагестан,22940.904761904763,21009.254166666666,59881.42571428572,28795.25,54572.09166666667,34352.432857142856,36656.145833333336,24200.00238095238,51924.775,30482.465714285714,22429.059523809523,21865.907857142858,23764.03238095238,26804.88857142857,37965.887500000004,32988.74023809524,27330.1625,33683.46166666666,50983.65244897959,17174.25,9.333333333333334,31783.410059310292,1.9845949597787833,31.180894616147054,31.05885446034694,-2.6440807080338815,1.0,0.1571026574741712,1
49,Республика Ингушетия,29113.732291666664,24814.55461538461,45105.21517857142,26699.56845238095,41041.21875,35487.31160714286,46230.45,38469.6875,48517.029017857145,35780.61964285714,24343.65625,32541.65,29969.8484375,34212.92857142857,53932.44342857143,38506.61482142857,72333.96590909091,111296.58249999999,38644.840000000004,5398.910714285715,24.642857142857142,33869.764285714286,1.0,23.934285714285718,23.934285714285718,9.64915663487092,1.0,0.3016786960293679,1
50,Республика Калмыкия,54245.636666666665,47701.27625,75950.99261363636,54330.979166666664,96393.9675,55673.750568181815,58853.123888888884,69762.04134615384,72331.53333333334,52325.44375,49385.26388888889,40673.49250000001,97937.85833333332,47247.191477272725,83845.42998599439,53264.34375,85391.86484375,66405.79431818183,69730.275,9127.841920860463,68.33333333333333,51352.333333333336,1.2142857142857142,35.31111111111111,35.31111111111111,-0.050829033542018086,1.0,0.18760089350563083,1
51,Республика Карелия,94948.64732142857,58308.0617063492,78510.62329545454,64866.886507936506,131029.5140625,62285.29261363636,109703.765625,76733.68806818181,85768.996875,56937.50909090909,62882.94027777778,70199.021875,59228.905952380956,58186.28920454546,87192.19375,56328.234659090915,110622.59326923077,74148.475,76818.42791353383,10925.4625,102.85,56950.545,1.0,36.172000000000004,36.172000000000004,-7.074352384534165,0.0,0.10499993539654208,1
52,Республика Коми,36002.269965277774,37681.7810300207,49855.2295,34143.968988095236,72498.13367043292,45808.2015625,40370.90336956522,38165.6235,52337.62644557824,33814.2965,38209.54989130435,33756.788620129875,39221.004707792206,37496.08702380952,69310.19248571429,42111.6695,54634.42243055556,55354.21555059523,62130.68308982684,13975.39,132.52,32616.834782608694,1.7511920632135347,22.1804,22.1804,6.67176026293613,1.0,0.26666268188632425,0
53,Республика Крым,35276.84119047619,31705.927864583333,44495.513235294115,38472.69553571429,47352.175,36996.58529411764,38355.13382352941,40436.24044117647,55088.09880952381,33407.158088235294,29700.764030612245,28321.877916666668,43131.98897058824,35798.00588235294,53491.655277777776,41648.20367647059,48815.34926470588,39901.12941176471,52919.13333333333,10628.058823529413,86.82352941176471,33030.3294117647,1.0,31.35,31.35,0.7274234629697112,1.0,0.19675362193694987,1
54,Республика Марий Эл,31347.973295454543,27618.258928571428,45602.393749999996,27448.3631302521,47448.24166666667,33300.51136363636,33651.45227272727,28483.616801948054,48391.04407894737,32545.580681818185,24235.972817460315,40076.60833333334,46583.895625,35706.85227272727,58313.482954545456,43301.40965909091,47395.99829545455,47490.60340909091,48013.99642857143,7849.011904761905,81.47826086956522,31486.391304347828,1.213609916653395,35.10956521739131,35.10956521739131,0.2975993510976876,1.0,0.1916986257925999,1
55,Республика Мордовия,79586.31016326531,66873.46041666667,93785.58611111112,75643.60431818181,172485.42235119047,93824.10381944444,95319.07951388888,104802.18784722223,105136.86765873016,84445.76284722221,77787.63996913581,100353.08630952382,63734.742424242424,81317.57222222222,113088.02956349205,85706.5825,97129.0513888889,88027.42881944444,74918.55750000001,5394.992857142857,43.19444444444444,86200.51388888889,1.1346153846153846,25.683333333333334,25.683333333333334,-6.38185152459657,0.0,0.11314417179523405,1
56,Республика Саха (Якутия),32762.741666666665,32223.80648148148,58753.180555555555,31771.470833333336,53848.787500000006,34338.16805555556,29468.220833333333,28479.81388888889,33468.94047619047,31788.209722222222,24422.816160714287,25825.802976190476,31678.3125,29377.273611111115,49269.54722222222,37290.864484126985,38405.80833333333,32353.7421875,40792.46666666666,9729.083333333334,132.33333333333334,31644.433333333334,1.6623392507688006,31.373645395183107,31.30577115741318,-13.857550785429959,1.0,0.025225346638481888,0
57,Республика Северная Осетия — Алания,40628.749507575754,40943.44121621621,51858.84722222222,50312.27416666667,85194.43650000001,47885.213055555556,61851.36027777778,60085.17821428571,65637.31656976744,43315.375,30844.005833333333,41809.425021645024,48725.19777777778,45656.613333333335,72274.87982010582,53987.306388888894,57703.592777777776,69629.70861111111,63029.72166666667,15503.85,225.17777777777778,42335.55777777778,1.3842860839571867,33.08222222222222,33.08222222222222,8.11702277325084,1.0,0.283659858674279,1
58,Республика Татарстан,46832.4,35601.479166666664,63289.826973684205,29781.318333333336,110039.63124999999,48443.034868421055,47663.171813725494,48086.14298245614,67359.328125,45564.715131578945,39237.85625,42133.09583333333,30598.469047619048,43818.61315789474,76439.79708333334,40196.729166666664,53513.8,48293.21826923077,39073.91953125,2292.5263157894738,36.63157894736842,43234.02631578947,1.4645454545454544,14.515789473684212,14.515789473684212,-8.693146067586243,1.0,0.08596192519584221,1
59,Республика Тыва,47002.20892857143,41082.52613636363,62110.91730769231,44232.7296875,82944.096875,45892.50673076923,52799.39318181818,50269.29368131868,68266.21590909091,46865.3875,36268.921590909085,38987.478794642855,43490.99419642857,43680.77403846154,65159.921875,51849.54519230769,58208.609090909085,60675.685576923075,60704.77115384616,10965.903846153846,80.0,45867.876923076925,1.327953447518665,27.23076923076923,27.23076923076923,-0.9375873036628503,1.0,0.1771720703832884,1
60,Республика Хакасия,41842.68074242424,34984.90571428571,51149.86386363637,39556.2103125,76651.878125,38576.15186363636,45046.070555555554,46437.23753246753,55536.33186170213,38658.28636363636,35642.13786231884,32354.97458206687,50218.54182692307,44164.57568181818,65581.0844384058,48324.64636363636,54076.85018518519,51963.322207792204,64787.02467948718,13456.381818181819,160.2,38219.36909090909,1.3685754432089414,27.51218181818182,27.51218181818182,8.705865691065016,1.0,0.29058501386442037,1
61,Ростовская область,39756.90864583333,29686.58425925926,45472.37734375,36815.211111111115,49160.575,37229.97057291667,43206.92822580645,39094.386067708336,51293.09270833334,37113.3703125,34229.385416666664,39111.755681818184,47985.71681034483,36818.13671875,63667.56689814814,45672.192708333336,60378.35954301075,37996.39270833333,49824.819117647065,9961.362068965518,78.03448275862068,35239.61379310345,1.4260915027143097,38.208275862068966,38.208275862068966,4.4652444128993976,1.0,0.24071269721514377,1
62,Рязанская область,44947.05813492063,33654.54678571428,48722.63108108108,41408.83338509317,69490.18936507936,42924.527364864865,44981.62133204633,48169.402364864865,58485.96951530612,43494.6375,33749.443518518514,38259.37336956522,55399.09333333334,45801.582094594596,59505.96929563492,46684.36452702703,57469.29864864864,41943.20684362934,46630.90520833333,13831.817567567568,120.62162162162163,46677.899999999994,1.5727693836689711,30.717837837837838,30.717837837837838,4.148836155066424,1.0,0.23699154133019332,1
63,Самарская область,80930.16885888501,69261.03944444444,79789.98130630632,65774.44565907522,317944.45181277057,95566.27118007398,156226.08685810812,193525.04715045594,115910.17459239131,81564.23714622641,96595.50150103519,71615.75494557823,77832.11875000001,84792.26264761905,123897.5366250717,125468.7632920792,120832.4711419753,131389.88114235055,129674.65370934959,84147.31612667361,102.90347448245076,90275.81353883352,1.3481122956494829,30.817217317445753,30.813078467934965,13.16038096964281,0.0,0.3429728556262227,1
64,Санкт-Петербург,29564.55854166667,28356.626882239383,45758.39695945946,31512.18,67856.12333333334,36000.1140625,41366.214101190475,36013.02198129251,35995.24395833333,34557.13397435898,29818.115,29136.029741379312,41196.09662162162,39170.16904761905,74542.67191358024,40179.5826923077,43496.70017857143,42707.956366071434,42303.1490625,17201.28888888889,97.36585365853658,34410.71219512195,1.3331133688525376,34.76048780487805,34.76048780487805,-3.790613771237684,1.0,0.1436187228744515,0
65,Саратовская область,95662.35277777778,77687.55486111112,113616.89722222222,65884.69236111111,153890.33868809987,104921.39583333333,92099.13214285714,112096.24682539684,87971.780625,94630.50347222222,70458.74894179894,61397.753125,241992.27161764706,93915.63958333334,114074.24140625,98775.16951058201,111754.81102941177,96829.52986111112,121011.18541666666,5245.0,69.05555555555556,94304.39411764705,1.0950440726749415,30.90099293143759,30.931080480720897,-8.153972636333485,0.0,0.09230293664875515,1
66,Сахалинская область,45047.76274630542,40338.07108555287,54126.945766129036,36991.424754901964,70954.79895962733,47161.14475806452,56107.11440677966,56686.55261479592,63151.54521604939,46782.56648550725,43108.137913419916,37390.30381666667,59019.75229591836,52892.59302995392,66039.6765503876,48134.6938172043,59839.2474122807,60536.60666666667,56695.82254901961,12069.568493150686,107.0,48391.63333333334,1.1574721780604134,31.379315068493153,31.379315068493153,0.4228191522058578,1.0,0.19317128773574035,0
67,Свердловская область,44973.24375,49284.8625,59221.530000000006,43577.860714285714,32026.025,57215.178125,63003.659375,73013.040625,63269.705,44940.07125,49912.2475,33102.6825,50330.105625,49559.573749999996,75600.8193452381,46214.34107142857,71900.8375,91298.6375,119585.07083333335,47994.4,7.0,47235.63394331968,1.9444444444444446,30.850878952178434,30.824125201684332,35.887199793883454,1.0,0.6102542350479582,1
68,Севастополь,31566.420289855072,31244.098076923077,42712.253703703704,30791.60982142857,50029.82857142857,35880.83472222222,36663.028681657845,36164.77777777778,56674.13382352941,35410.596296296295,29325.213125,37077.17556935817,38208.246097883595,37513.7662037037,52568.98154761905,43174.69398148148,46263.94296296296,50957.02731481482,56246.5975,65368.75,75.55555555555556,34075.637037037035,1.5317911255411256,37.69037037037037,37.69037037037037,-1.9780925649088703,1.0,0.1649350880025965,1
69,Смоленская область,34819.4206030445,36776.33021114106,52491.03966627635,35889.25362208713,69167.40126322751,39503.68580210773,41498.558858313816,51174.95008782201,45850.828077078295,36613.72737119438,34177.69472001764,32198.377356656947,47037.95693099274,35863.80799180328,52894.070225988704,46415.297687353624,51517.68840749415,47101.48050351288,64661.34785930736,13398.585993538072,127.21212121212122,38027.878787878784,1.6028602560393364,25.15969696969697,25.15969696969697,-4.42349718737433,1.0,0.13617562431383298,1
70,Ставропольский край,26200.100024250438,31755.95240196078,46433.64772727273,35308.18023049645,81832.16571428571,35730.55704402516,39928.4550170068,41256.61325757576,43611.60261437909,36349.811742424245,26863.421416666668,35411.48348214286,57683.66970009158,36786.36731601732,70109.8385,42927.79261006289,55815.84971088435,45939.37314814815,54393.06351851852,11651.7421875,133.56666666666666,35356.01,1.1766637750955964,36.489000000000004,36.489000000000004,-3.1434999539396373,1.0,0.1512291797125992,1
71,Тамбовская область,36792.55284722222,29740.869924242423,44590.794565217395,49422.1705882353,87990.98437781587,38859.07555147059,59517.283712121214,42534.55906954887,56301.60194444445,36901.8231884058,57255.72708333334,26674.022249999998,49943.202159090906,42031.59568965517,87713.05395021645,43000.70651041667,51921.42941919192,49275.49827122153,52629.26654411765,8664.809210526315,88.25,36190.58157894737,1.1087406018522654,42.86157894736842,42.86157894736842,-0.6425782783826747,1.0,0.18064155812059743,1
72,Тверская область,82788.44853174602,48795.2175,64576.74671052631,52496.46153846154,109023.80416666667,54216.82302631579,68274.87048245613,60550.186842105264,55048.673500000004,54258.96381578947,47722.1,57927.360714285714,59907.886249999996,53827.35939849624,81894.86777777778,52229.606005291,74941.63618421053,64131.92330827068,63879.28684210526,9014.2375,115.84210526315789,52495.33157894737,1.4963636363636366,27.923000000000002,27.923000000000002,-13.182051414383164,1.0,0.03316963506213613,1
73,Томская область,36196.74191964286,36424.072717391304,49337.69855769231,43174.65078125,74392.91388888888,45372.846153846156,43869.52163461538,46596.0515,65247.590520833335,42977.477884615386,33508.64575,33735.749124999995,64087.28489583333,55418.217788461545,64804.03850108225,47443.90961538461,53667.03072916667,45355.77821428572,67119.21195652174,11965.427083333334,77.5,41773.2,1.1216372274590098,30.599615384615387,30.599615384615387,5.27997979782791,1.0,0.25029448687217765,1
74,Тульская область,49961.51018518518,41059.99407894737,54705.84259259259,40380.277500000004,111287.48273809523,55535.0462962963,61051.60601851852,62447.482870370375,54764.88238636364,47936.00972222222,41583.60456349206,44788.38270833333,45724.73302469136,45547.917129629626,71460.06096491229,41737.487980769234,68122.12268518518,66032.81785714286,59143.83221153846,8964.259615384615,312.3333333333333,54502.28333333333,1.2110669493022435,28.888333333333332,28.888333333333332,10.034710333081852,1.0,0.3062130448573286,1
75,Тюменская область,44439.99220734429,39355.44403262125,56316.368543457706,39112.65532342526,76547.60776476504,47719.24359726967,54949.50572379566,55544.276955590285,61695.74295277931,45612.13703810837,42976.973516735954,37753.26894813408,52837.71853183284,47034.98543375457,72656.66853118355,51325.43093903058,58518.623626711786,51886.417482074285,62853.80280939722,10234.622082812382,81.55,46301.015,1.422044045277144,28.1775,28.1775,2.810658143842108,1.0,0.2212537441700217,1
76,Тюменская область без автономных округов,33195.96431818182,35450.21178328474,50820.770909090905,42696.18775510204,75221.1576754386,41527.04363636363,43055.96436170213,49572.75409090909,45034.13392857143,39034.03840909091,33010.03518518519,31155.308653846154,41159.79651515151,41044.141363636365,48409.3915,45377.09545454545,53815.391981132074,50296.63545454546,51422.31068181818,11280.216666666667,104.73333333333333,37758.89666666666,1.2050762088873108,27.84333333333333,27.84333333333333,-3.203900847438383,1.0,0.15051882802380806,1
77,Удмуртская Республика,30886.386904761905,32654.938295454544,42104.714583333334,22347.873541666664,61092.919444444444,36112.621875000004,42894.48472222222,39613.07083333333,49512.83347222223,34362.8265625,29653.41345238095,29581.36145833333,44988.97572916667,31760.638169642858,38855.15905797102,39769.21979166667,44584.08214285714,44629.85267857143,50119.51700680273,17828.032608695652,102.75,32497.5625,1.2692307692307692,34.98833333333334,34.98833333333334,-1.3699708288062749,1.0,0.17208697396335737,1
78,Ульяновская область,66137.21907894737,51489.773076923084,77578.568125,60866.654444444444,150006.40089285714,68476.68881578947,64094.30592105263,96519.49124999999,71580.23088235295,62013.23,52796.89852941177,64925.770833333336,86624.89166666666,59519.160625,113475.97938596492,85834.82302631579,96201.67960526317,69843.47125,97924.07384615384,7553.8389666373005,82.52631578947368,59079.9,1.1835602631783735,26.908421052631578,26.908421052631578,-0.43533239327937456,0.0,0.18307889730468094,1
79,Хабаровский край,98012.0398538961,71994.01590136054,104677.90625,66791.55689935065,140738.85227272726,93678.26818181817,110009.47727272728,123136.27727272728,113556.00454545455,81084.13920454546,68810.00121753247,66769.05964285714,64209.220192307694,86573.73238636364,100741.43181818182,66391.72954545455,124599.22329545455,103673.46761363637,108529.75625,16539.784090909092,149.5,81627.3,1.210468701347879,22.57409090909091,22.57409090909091,47.564216966486605,0.0,0.7475831450710241,0
80,Ханты-Мансийский автономный округ — Югра,41956.80908730159,35011.8373015873,50315.75,32221.948553921568,57767.1637037037,45754.35978682171,49268.46270487265,76659.83419435215,59677.77942350333,40635.575872093024,35279.35391156463,39962.73766025641,43862.837583333334,46149.953779069765,58048.29952806123,46531.479651162794,53595.98197368421,48224.439458333334,55475.85908758639,17317.972222222223,159.125,41563.63846153846,1.4114947035660985,29.645116279069768,29.645116279069768,0.8836544347094897,1.0,0.1985909943364019,0
81,Челябинская область,24366.30315934066,25475.87678571429,48901.00347222222,22653.1875,36841.237499999996,32936.67890625,30018.075735294115,22883.852794117647,25699.716666666667,27417.863194444442,20722.559375,17378.897500000003,20936.18375,29826.199999999997,32772.791176470586,49220.05416666667,29878.26544117647,52544.37279411765,41172.27616666666,14152.962962962964,106.52941176470588,32042.56380423252,1.2225592630041568,31.39109442418082,31.30966786863188,-14.320404418566183,1.0,0.019781902991936023,1
82,Чеченская Республика,26908.568738601825,26912.643048780486,48537.00425531915,34475.5265,86104.69499999999,35632.199627659575,33030.633902439025,37709.766329787235,44770.063214285714,36741.89734042553,28059.395984848485,26042.096527777776,32541.763829787236,35498.435448328266,55638.37367346939,40979.486968085104,34103.175,43791.15676291793,47132.094148936165,9574.221153846154,142.0,36578.93461538462,1.019047619047619,38.21884615384616,38.21884615384616,-2.76280974067282,1.0,0.15570633096378006,1
83,Чувашская Республика,117578.59297619048,116262.41666666667,164356.37202380953,95646.425,178516.096875,149605.95357142857,167956.42500000002,158581.03125,102851.11607142857,134548.65,99982.7807142857,93459.11785714285,98724.91011904762,143097.2630952381,145110.26805555556,144604.94285714286,155465.58095238096,178032.79702380951,138553.31904761906,1338.8214285714287,12.714285714285714,129335.27142857143,1.4946180259915531,24.91142857142857,24.91142857142857,1.0648138043096023,0.0,0.20072154003997586,1
84,Чукотский автономный округ,138225.04772727273,101694.13920454546,143012.2971590909,82645.2415,196191.94624999998,149517.96858766233,160546.53522727272,156819.1028409091,129053.67329545454,109814.85909090909,117405.65357142857,110040.06704545455,65608.18194444444,120393.05738636364,115455.10681818183,91841.6340909091,153094.62443181817,128667.41079545455,129393.84318181817,9635.4375,102.84615384615384,111073.52307692308,1.6849315068493151,21.363076923076925,21.363076923076925,-2.261580393796336,0.0,0.1616010966270197,0
85,Ямало-Ненецкий автономный округ,41882.954375,36540.02970833333,48325.676250000004,46199.00441176471,77825.17153545062,42363.54625,52786.81960526316,46404.054605263154,60479.14765625,40707.784375,44864.38333333333,35637.2628968254,51114.817030423284,41917.578125,72756.71171875,45786.44437500001,54336.316249999996,49986.690625,63715.798026315795,13232.9,121.15789473684211,40647.12631578947,1.6791372549019605,39.664375,39.664375,3.869802379493129,1.0,0.23370993236339252,0
